Subzone,Females 0 to 4,Males 0 to 4,Females 5 to 9,Males 5 to 9,Females 10 to 14,Males 10 to 14,Females 15 to 19,Males 15 to 19,Females 20 to 24,Males 20 to 24,Females 25 to 29,Males25 to 29,Females 30 to 34,Males 30 to 34,Females 35 to 39,Males 35 to 39,Females 40 to 44,Males 40 to 44,Females 45 to 49,Males 45 to 49,Females 50 to 54,Males 50 to 54,Females 55 to 59,Males 55 to 59,Females 60 to 64,Males 60 to 64,Females 65 to 69,Males 65 to 69,Females 70 to 74,Males 70 to 74,Females 75 to 79,Males 75 to 79,Females 80 to 84,Males 80 to 84,Females 85 to 89,Males 85 to 89,Females 90 and over,Males 90 and over,Total
Admiralty,300,300,390,450,430,440,430,440,390,430,380,420,510,430,610,560,600,530,650,650,520,490,440,490,410,420,320,260,230,180,110,80,110,60,60,20,20,20,13580
Airport Road,0,0,0,0,0,0,0,0,0,0,0,0,0,0,0,0,0,0,0,0,0,0,0,0,0,0,0,0,0,0,0,0,0,0,0,0,0,0,0
Alexandra Hill,210,200,170,220,210,290,290,320,360,410,430,430,400,440,330,320,360,330,450,410,460,460,520,510,550,550,570,530,490,490,290,220,280,180,190,120,140,50,13180
Alexandra North,90,90,90,110,100,90,70,40,60,60,80,60,140,110,200,130,190,180,160,160,130,90,60,70,50,40,50,30,20,30,0,10,10,0,0,0,0,0,2800
Aljunied,610,690,720,760,810,820,700,830,940,940,1420,1400,1590,1590,1550,1440,1540,1390,1620,1600,1320,1410,1340,1590,1440,1560,1390,1320,1160,1040,620,510,580,470,370,190,290,130,39690
Anak Bukit,360,390,530,570,580,560,620,600,690,650,760,770,700,630,650,570,720,590,860,680,810,720,780,700,880,780,730,700,600,500,330,320,280,220,140,130,100,50,21250
Anchorvale,1810,1950,2030,2150,1610,1760,1360,1410,1110,1110,1350,1120,2680,2140,2770,2650,2410,2340,2140,2190,1290,1580,1160,1220,1230,1150,980,880,730,630,330,270,250,160,100,40,80,20,50190
Ang Mo Kio Town Centre,80,100,120,130,150,130,160,130,140,150,130,140,160,130,200,140,210,180,240,200,190,200,140,160,150,140,140,110,140,100,80,50,80,40,30,20,10,0,4800
Anson,0,0,0,0,0,0,0,0,0,0,0,0,0,0,0,0,0,0,0,0,0,0,0,0,0,0,0,0,0,0,0,0,0,0,0,0,0,0,0
Bahar,0,0,0,0,0,0,0,0,0,0,0,0,0,0,0,0,0,0,0,0,0,0,0,0,0,0,0,0,0,0,0,0,0,0,0,0,0,0,0
Balestier,630,720,660,780,640,750,620,720,710,760,1020,950,1290,1170,1260,1120,1350,1110,1340,1310,1170,1150,1110,1160,1120,1060,1030,900,940,750,560,420,540,360,330,160,220,100,31990
Bangkit,330,370,340,370,420,460,530,570,730,720,870,930,740,840,580,640,650,620,740,660,800,770,1090,1010,1020,1060,750,720,560,500,300,260,250,150,140,90,100,30,21710
Bayfront Subzone,0,0,0,0,0,0,0,0,0,0,0,0,0,0,0,0,0,0,0,0,0,0,0,0,0,0,0,0,0,0,0,0,0,0,0,0,0,0,0
Bayshore,160,170,240,250,230,240,240,210,210,160,140,170,210,140,260,210,420,330,450,380,310,340,240,260,200,170,180,170,130,150,90,70,60,40,30,20,40,10,7330
Bedok North,1380,1410,1470,1590,1620,1760,1790,1880,2240,2450,2760,2700,2690,2730,2590,2330,2950,2600,3030,2780,2930,2880,3260,3350,3340,3280,3210,2780,2790,2450,1450,1220,1050,780,640,400,400,190,81150
Bedok Reservoir,510,540,640,580,650,710,710,710,690,780,770,790,940,870,990,890,1080,890,1040,990,950,930,900,870,910,880,820,730,560,600,270,210,200,160,110,70,50,30,25020
Bedok South,700,700,830,950,1070,1010,1040,1200,1250,1400,1450,1530,1480,1510,1310,1200,1660,1370,1740,1540,1730,1610,1830,1730,1890,1820,1740,1590,1550,1410,910,730,780,540,460,270,330,130,45990
Bencoolen,10,10,20,10,10,20,20,10,30,10,30,20,50,50,40,30,40,60,50,50,50,70,40,40,40,60,40,40,40,20,10,10,20,10,20,10,10,20,1120
Bendemeer,920,970,860,940,680,750,650,660,750,740,1050,1050,1680,1520,1650,1540,1540,1540,1350,1310,1120,1180,1130,1140,1340,1260,1290,1170,1190,1000,620,540,590,450,340,180,290,80,37060
Benoi Sector,0,0,0,0,0,0,0,0,0,0,0,0,0,0,0,0,0,0,0,0,0,0,0,0,0,0,0,0,0,0,0,0,0,0,0,0,0,0,0
Bidadari,0,0,0,0,0,0,0,0,0,0,0,0,0,0,0,0,0,0,0,0,0,0,0,0,0,0,0,0,0,0,0,0,0,0,0,0,0,0,0
Bishan East,410,460,490,630,600,620,610,680,710,710,1010,1030,1090,1120,860,810,950,800,1060,910,990,860,1110,860,1210,1060,1140,1000,920,740,450,360,370,290,220,120,140,50,27450
Boat Quay,0,0,0,0,0,0,0,0,0,0,0,0,0,0,0,0,0,0,10,10,0,10,0,0,0,0,0,0,0,0,0,0,0,0,0,0,0,0,30
Boon Keng,200,180,200,210,210,180,230,220,250,280,390,340,430,450,370,360,390,350,430,370,420,430,390,450,500,450,430,400,400,330,220,170,240,150,140,60,70,30,11320
Boon Lay Place,670,730,730,810,740,800,740,830,850,950,960,940,1130,1000,1210,1200,980,1110,1000,1070,1000,1160,950,1150,740,1000,750,740,580,580,330,270,250,200,100,90,60,30,28430
Boon Teck,300,330,290,340,270,310,300,340,370,380,470,490,600,600,450,460,450,380,490,490,490,510,580,540,510,650,490,540,470,380,360,230,350,220,180,120,130,50,14910
Boulevard,10,10,10,10,0,10,10,0,0,0,0,10,10,10,10,0,10,10,10,10,10,10,10,0,10,10,10,10,10,10,0,10,0,0,0,0,0,0,240
Braddell,160,160,200,210,220,220,220,240,280,250,360,350,300,300,290,250,370,300,360,320,360,330,380,340,380,350,320,340,310,230,190,160,200,130,100,50,70,30,9630
Bras Basah,0,0,0,0,0,0,0,0,0,0,0,0,0,0,0,0,0,0,0,0,0,0,0,0,0,0,0,0,0,0,0,0,0,0,0,0,0,0,0
Brickland,0,0,0,0,0,0,0,0,0,0,0,0,0,0,0,0,0,0,0,0,0,0,0,0,0,0,0,0,0,0,0,0,0,0,0,0,0,0,0
Brickworks,1730,1810,810,820,540,530,430,490,450,390,1340,770,2280,2280,1110,1190,980,960,790,830,550,630,460,620,400,430,320,290,240,210,120,80,80,80,60,40,40,20,25200
Bugis,10,10,0,20,10,10,10,10,20,10,30,20,40,20,40,50,30,30,40,30,40,20,20,20,20,40,30,20,30,40,10,10,10,10,10,0,10,10,790
Bukit Batok Central,630,680,600,660,640,650,660,720,770,780,900,820,1330,1160,1020,970,930,850,960,890,980,930,980,990,1040,970,920,900,640,640,320,260,240,200,140,80,110,40,27000
Bukit Batok East,170,170,170,170,210,250,270,320,340,410,450,490,440,470,380,360,380,370,460,440,440,430,550,510,690,580,520,560,380,330,170,120,130,90,80,30,40,30,12400
Bukit Batok South,310,340,340,400,350,350,400,400,510,540,560,590,600,580,570,570,490,440,470,430,580,520,660,590,600,600,420,490,220,240,90,80,90,70,40,20,30,0,14580
Bukit Batok West,320,320,290,320,320,350,370,380,450,450,480,470,570,520,550,540,510,440,520,470,550,510,540,580,630,590,580,500,360,370,170,150,130,90,80,30,60,10,14570
Bukit Ho Swee,240,210,250,280,260,300,210,240,280,300,420,390,480,440,470,460,490,440,460,500,450,460,520,580,560,640,550,580,540,440,330,280,330,200,170,80,120,70,14020
Bukit Merah,10,10,20,20,20,20,20,30,30,30,30,30,20,40,30,20,30,30,30,20,50,40,50,40,30,40,40,40,40,30,20,20,10,10,0,10,10,0,970
Cairnhill,90,90,120,170,90,100,110,80,60,80,100,60,160,110,200,140,200,170,220,160,170,160,110,130,110,110,80,80,80,90,30,30,30,20,20,20,20,10,3810
Cecil,10,0,0,0,0,0,0,0,0,0,10,0,40,10,50,30,10,20,10,10,0,0,0,0,0,0,0,0,0,0,0,0,0,0,0,0,0,0,200
Central Subzone,20,10,30,10,20,10,20,20,0,20,40,30,80,60,80,50,70,50,50,70,50,40,10,30,20,40,10,10,0,0,0,0,0,0,0,0,0,0,950
Central Water Catchment,0,0,0,0,0,0,0,0,0,0,0,0,0,0,0,0,0,0,0,0,0,0,0,0,0,0,0,0,0,0,0,0,0,0,0,0,0,0,0
Changi Airport,0,0,0,0,0,0,0,0,0,0,0,0,0,0,0,0,0,0,0,0,0,0,0,0,0,0,0,0,0,0,0,0,0,0,0,0,0,0,0
Changi Bay,0,0,0,0,0,0,0,0,0,0,0,0,0,0,0,0,0,0,0,0,0,0,0,0,0,0,0,0,0,0,0,0,0,0,0,0,0,0,0
Changi Point,0,0,0,0,10,10,10,10,10,10,10,20,10,10,10,10,10,10,20,20,30,20,30,20,30,40,10,20,10,10,10,10,0,10,10,10,0,0,460
Changi West,70,50,80,60,60,70,40,40,30,30,40,30,60,50,70,70,70,80,50,80,30,50,20,20,10,20,10,10,20,10,0,0,0,0,0,0,0,0,1330
Chatsworth,180,170,230,220,190,190,180,150,140,120,190,130,260,190,350,250,370,310,400,340,310,290,180,230,170,180,160,140,140,110,80,80,50,50,20,10,20,10,6790
Cheng San,460,540,480,510,450,540,510,580,590,680,830,850,1060,940,1050,900,1060,980,1080,960,970,970,1050,1040,1080,930,1180,960,980,850,530,440,420,290,210,160,150,50,27310
Chin Bee,0,0,0,0,0,0,0,0,0,0,0,0,0,0,0,0,0,0,0,0,0,0,0,0,0,0,0,0,0,0,0,0,0,0,0,0,0,0,0
China Square,10,10,0,10,10,10,0,20,10,30,40,30,20,40,50,30,60,40,40,40,40,30,50,70,70,40,70,80,80,60,40,20,40,30,20,10,20,0,1270
Chinatown,180,220,270,240,270,250,160,160,170,160,280,260,380,350,390,320,580,490,460,450,320,330,300,380,300,310,280,270,350,250,170,140,160,140,100,70,130,50,10090
Choa Chu Kang Central,390,450,530,550,640,650,630,700,850,860,930,1000,720,730,790,650,820,760,930,800,950,870,1020,1010,700,820,490,560,360,340,190,150,140,110,70,50,40,10,22260
Choa Chu Kang North,420,410,530,570,730,780,1080,1070,1640,1670,1550,1750,840,890,760,700,840,720,1070,900,1800,1290,1570,1810,1060,1290,740,800,450,470,240,180,200,140,150,80,70,20,31280
Chong Boon,390,390,380,430,450,510,460,580,580,690,760,770,950,870,830,790,940,850,910,840,920,870,1030,1020,1040,1010,1140,950,1020,870,620,490,490,400,240,180,170,80,25910
City Hall,0,0,0,0,0,0,0,0,0,0,0,0,0,0,0,0,0,0,0,0,0,0,0,0,0,0,0,0,0,0,0,0,0,0,0,0,0,0,0
City Terminals,0,0,0,0,0,0,0,0,0,0,0,0,0,0,0,0,0,0,0,0,0,0,0,0,0,0,0,0,0,0,0,0,0,0,0,0,0,0,0
Clarke Quay,0,0,0,0,0,0,0,0,0,0,0,0,0,0,0,0,0,0,0,0,0,0,0,0,0,0,0,0,0,0,0,0,0,0,0,0,0,0,0
Cleantech,0,0,0,0,0,0,0,0,0,0,0,0,0,0,0,0,0,0,0,0,0,0,0,0,0,0,0,0,0,0,0,0,0,0,0,0,0,0,0
Clementi Central,260,320,380,300,350,340,330,360,340,380,420,440,540,480,490,430,570,520,570,560,550,480,490,490,480,460,590,370,560,430,250,230,210,170,120,80,80,20,14440
Clementi North,560,620,620,640,560,570,530,520,640,630,780,720,1060,920,1170,1060,1130,1000,1130,950,940,830,1010,940,940,780,1190,800,1140,910,580,490,500,330,260,160,190,80,27880
Clementi West,220,210,310,300,360,350,360,350,410,390,400,400,420,400,480,420,650,530,640,590,600,580,530,600,570,540,640,530,550,460,260,210,190,160,90,60,40,20,14820
Clementi Woods,340,320,400,410,420,380,380,400,400,410,430,400,550,480,650,550,640,550,610,580,550,510,570,580,530,510,570,460,560,460,290,240,240,210,120,70,60,30,15860
Clifford Pier,0,0,0,0,0,0,0,0,0,0,0,0,0,0,0,0,0,0,0,0,0,0,0,0,0,0,0,0,0,0,0,0,0,0,0,0,0,0,0
Commonwealth,70,50,90,80,110,130,140,140,150,150,190,190,210,190,190,180,250,190,290,240,260,260,290,310,270,270,230,220,280,160,190,90,200,100,150,60,60,40,6670
Compassvale,730,810,850,940,710,760,490,510,340,320,550,440,1040,800,1330,1200,1420,1210,830,920,510,520,450,450,420,390,400,340,320,250,160,130,110,90,60,20,20,10,20850
Coney Island,0,0,0,0,0,0,0,0,0,0,0,0,0,0,0,0,0,0,0,0,0,0,0,0,0,0,0,0,0,0,0,0,0,0,0,0,0,0,0
Coronation Road,150,130,290,210,270,220,260,190,200,150,140,170,190,120,200,160,270,220,290,270,230,240,180,170,170,150,140,140,150,140,110,90,90,70,50,40,30,20,6310
Crawford,110,100,100,110,120,100,100,150,150,140,210,210,220,230,190,180,210,210,220,320,250,330,270,450,290,590,300,480,330,400,210,220,210,180,100,60,60,60,8170
Dairy Farm,160,160,180,210,220,210,260,240,220,220,210,230,240,210,230,210,290,240,330,270,270,280,260,280,230,220,150,170,100,110,50,50,40,20,20,10,10,10,6820
Defu Industrial Park,0,0,0,0,0,0,0,0,0,0,0,0,0,0,0,0,0,0,0,0,0,0,0,0,0,0,0,0,0,0,0,0,0,0,0,0,0,0,0
Depot Road,200,150,200,200,190,210,130,150,140,140,160,160,240,180,280,260,350,290,320,290,230,220,190,190,160,170,200,130,190,140,110,80,80,50,30,20,20,20,6470
Dhoby Ghaut,10,0,0,0,0,0,0,0,0,0,20,0,40,40,20,30,20,30,10,10,0,0,0,0,0,0,0,0,0,0,0,0,0,0,0,0,0,0,230
Dover,170,170,260,320,310,340,310,300,370,280,320,340,280,270,340,290,430,380,500,410,450,410,390,380,370,330,310,270,380,250,210,160,180,140,110,50,40,10,10830
Dunearn,80,60,140,60,180,110,130,110,130,100,100,100,70,80,110,80,130,110,180,150,160,160,150,140,110,120,100,100,100,90,60,70,50,50,40,30,30,20,3790
East Coast,0,0,0,0,0,0,0,0,0,0,0,0,0,0,0,0,0,0,0,0,0,0,0,0,0,0,0,0,0,0,0,0,0,0,0,0,0,0,0
Everton Park,110,120,120,140,120,150,160,160,170,160,250,220,320,250,250,240,300,240,340,310,290,270,250,240,260,270,320,260,290,220,170,130,180,110,80,60,60,30,7620
Faber,150,150,200,230,210,210,150,170,130,140,120,140,210,140,240,210,290,250,260,250,180,190,140,150,130,80,110,100,80,90,60,30,40,30,20,20,10,10,5320
Fajar,620,720,780,790,800,770,700,790,800,910,1010,1020,1170,1100,1120,1010,1010,950,950,960,890,870,1060,1020,930,950,700,750,490,490,260,210,180,140,120,70,60,20,27190
Farrer Court,140,140,270,250,240,220,200,180,170,130,150,120,180,140,270,190,310,260,310,320,230,270,170,180,140,160,140,90,140,110,80,60,80,60,50,30,20,20,6220
Farrer Park,30,40,30,20,50,70,50,50,50,70,60,60,90,100,80,90,100,120,80,120,90,110,70,110,100,100,100,80,80,70,50,20,30,20,20,20,10,30,2470
Fernvale,2030,2170,2470,2550,1960,2130,1460,1480,1220,1300,1430,1260,2770,2070,3690,3180,3130,3090,2330,2460,1700,1880,1390,1560,1280,1200,1060,910,870,700,430,330,290,260,210,90,120,30,58490
Flora Drive,300,300,350,360,370,450,470,470,490,520,510,510,470,460,530,420,650,530,710,660,670,550,600,610,490,520,340,410,230,260,150,130,140,100,80,40,50,20,14920
Forest Hill,0,0,0,0,0,0,0,0,0,0,0,0,0,0,0,0,0,0,0,0,0,0,0,0,0,0,0,0,0,0,0,0,0,0,0,0,0,0,0
Fort Canning,10,0,10,0,10,10,0,0,0,0,0,0,0,0,0,10,10,0,10,10,10,10,10,10,10,10,0,0,0,0,0,0,0,0,0,0,0,0,140
Frankel,760,750,1040,1000,1050,960,950,870,830,900,920,940,1090,910,1300,950,1540,1230,1570,1450,1210,1300,1170,1030,1080,960,980,890,820,810,450,410,430,310,320,180,210,90,33660
Gali Batu,0,0,0,0,0,0,0,0,0,0,0,0,0,0,0,0,0,0,0,0,0,0,0,0,0,0,0,0,0,0,0,0,0,0,0,0,0,0,0
Garden,0,0,0,0,0,0,0,0,0,0,0,0,0,0,0,0,0,0,0,0,0,0,0,0,0,0,0,0,0,0,0,0,0,0,0,0,0,0,0
Geylang Bahru,120,120,130,160,190,210,240,250,280,320,320,330,310,310,300,270,370,350,410,450,410,450,450,510,430,490,420,390,360,330,250,160,230,160,120,70,90,40,10800
Geylang East,510,560,670,680,660,730,620,690,720,760,1000,980,1050,1050,1120,910,1240,1050,1140,1130,980,990,1020,1040,1050,1030,1070,970,1000,830,470,420,410,300,240,160,160,90,29500
Ghim Moh,400,440,330,360,280,260,220,220,290,290,350,340,670,510,550,590,470,430,400,420,410,360,400,390,420,340,470,330,510,390,360,230,310,210,170,130,90,60,13400
Gombak,170,170,240,240,270,280,270,300,290,330,320,350,340,300,360,270,420,400,430,390,390,360,350,360,300,300,290,260,230,220,140,110,100,80,80,50,40,10,9810
Goodwood Park,50,40,50,80,30,40,30,30,20,20,40,10,50,30,60,40,70,40,90,70,30,50,20,30,20,20,20,20,10,20,10,10,10,10,0,0,10,0,1180
Greenwood Park,0,0,0,0,0,0,0,0,0,0,0,0,0,0,0,0,0,0,0,0,0,0,0,0,0,0,0,0,0,0,0,0,0,0,0,0,0,0,0
Guilin,220,210,280,260,320,310,350,350,410,390,420,430,430,420,450,380,450,430,520,460,530,510,510,560,460,480,400,370,280,260,150,120,130,110,80,50,70,20,12580
Gul Basin,0,0,0,0,0,0,0,0,0,0,0,0,0,0,0,0,0,0,0,0,0,0,0,0,0,0,0,0,0,0,0,0,0,0,0,0,0,0,0
Gul Circle,0,0,0,0,0,0,0,0,0,0,0,0,0,0,0,0,0,0,0,0,0,0,0,0,0,0,0,0,0,0,0,0,0,0,0,0,0,0,0
Henderson Hill,220,220,220,230,220,250,230,250,300,340,390,380,490,420,390,370,380,360,470,400,480,480,480,530,520,580,490,490,520,420,290,230,290,220,170,110,120,50,13000
Hillcrest,260,170,590,250,360,230,340,240,300,240,190,190,260,170,370,280,400,350,420,400,370,350,310,310,260,240,190,170,190,160,120,120,120,90,80,40,60,30,9220
Hillview,270,280,400,390,520,470,670,590,760,750,730,710,600,520,550,450,640,490,840,660,900,820,920,900,720,710,550,560,330,410,170,180,120,130,90,60,40,30,18930
Holland Drive,150,160,160,180,160,190,210,230,300,240,340,380,450,370,380,340,430,380,550,450,480,450,470,420,460,360,480,340,550,380,380,230,380,230,200,130,110,70,12170
Holland Road,280,210,540,290,510,320,410,320,350,300,260,220,280,190,400,280,490,400,560,480,450,450,330,310,290,260,260,240,200,210,140,100,110,90,60,40,40,20,10690
Hong Kah,870,930,1020,1120,1300,1190,1340,1470,1600,1650,1710,1820,1840,1900,1870,1610,1900,1770,1970,2000,1800,1950,1910,1950,2130,1940,2050,1960,1500,1470,740,670,480,430,230,180,150,50,52470
Hong Kah North,420,440,420,480,590,560,650,690,790,860,1020,1000,890,960,810,720,810,750,870,920,980,950,1100,1090,1240,1180,920,1040,610,600,310,260,200,170,100,80,50,40,25570
Hougang Central,60,60,50,60,90,90,120,120,160,180,200,230,170,190,130,120,130,120,170,130,200,170,210,200,210,220,160,180,100,110,60,50,60,40,30,20,20,10,4630
Hougang East,610,610,620,620,520,520,500,530,670,720,990,1000,1150,990,1090,1050,900,870,800,780,820,660,1050,900,970,960,730,720,510,450,260,240,190,130,100,50,60,30,24370
Hougang West,690,680,740,750,790,890,860,1000,1270,1410,1830,1980,1830,1930,1460,1350,1320,1270,1410,1380,1630,1420,2170,1990,2280,2190,1810,1710,1210,1210,640,490,450,340,300,140,170,60,45050
Institution Hill,90,90,130,140,90,90,80,60,70,50,70,60,110,70,200,160,220,190,170,200,110,120,70,90,60,50,70,60,70,70,10,20,10,10,10,0,0,0,3170
International Business Park,0,0,0,0,0,0,0,0,0,0,0,0,0,0,0,0,0,0,0,0,0,0,0,0,0,0,0,0,0,0,0,0,0,0,0,0,0,0,0
Istana Negara,0,0,0,0,0,0,0,0,0,0,0,0,0,0,0,0,0,0,0,0,0,0,0,0,0,0,0,0,0,0,0,0,0,0,0,0,0,0,0
Jelebu,420,430,520,580,650,650,820,860,1130,1170,1240,1400,1150,1120,860,790,920,840,1240,990,1270,1140,1460,1280,1350,1360,980,1000,640,710,360,320,260,200,150,100,90,20,30470
Joo Koon,0,0,0,0,0,0,0,0,0,0,0,0,0,0,0,0,0,0,0,0,0,0,0,0,0,0,0,0,0,0,0,0,0,0,0,0,0,0,0
Joo Seng,160,160,150,230,170,230,140,180,190,210,300,240,360,360,330,270,350,310,320,360,240,270,280,260,280,250,260,220,240,200,120,100,120,80,70,30,30,30,8100
Jurong Gateway,10,20,0,10,10,10,20,10,10,0,20,10,30,20,30,30,20,20,40,40,10,10,0,10,10,10,0,0,0,0,0,0,0,0,0,0,0,0,410
Jurong Island And Bukom,0,0,0,0,0,0,0,0,0,0,0,0,0,0,0,0,0,0,0,0,0,0,0,0,0,0,0,0,0,0,0,0,0,0,0,0,0,0,0
Jurong Port,0,0,0,0,0,0,0,0,0,0,0,0,0,0,0,0,0,0,0,0,0,0,0,0,0,0,0,0,0,0,0,0,0,0,0,0,0,0,0
Jurong River,0,0,0,0,0,0,0,0,0,0,0,0,0,0,0,0,0,0,0,0,0,0,0,0,0,0,0,0,0,0,0,0,0,0,0,0,0,0,0
Jurong West Central,1160,1190,1600,1680,1890,2020,1920,2010,1850,1870,1990,2080,2290,2280,2520,2320,3070,2720,2770,2850,2160,2400,1980,2130,1980,1970,1630,1720,1010,1030,390,380,320,220,170,80,80,30,61760
Kaki Bukit,620,620,620,600,700,750,810,900,1100,1250,1460,1560,1470,1480,1160,1120,1150,1000,1180,1140,1210,1150,1560,1360,1790,1630,1450,1400,1080,1030,440,420,370,270,180,100,130,60,36320
Kallang Bahru,0,0,0,0,0,0,0,0,0,0,0,0,0,0,0,0,0,0,0,0,0,0,0,0,0,0,0,0,0,0,0,0,0,0,0,0,0,0,0
Kallang Way,0,0,0,0,0,0,0,0,0,0,0,0,0,0,0,0,0,0,0,0,0,0,0,0,0,0,0,0,0,0,0,0,0,0,0,0,0,0,0
Kampong Bugis,20,10,10,10,10,10,10,20,20,20,40,50,50,30,40,30,30,30,30,40,10,30,40,20,30,40,40,40,30,30,10,10,10,10,0,0,0,0,860
Kampong Glam,0,0,0,0,0,0,0,0,0,0,0,0,0,0,0,0,0,10,0,10,0,0,0,0,0,0,0,10,0,0,0,0,0,0,0,0,0,20,50
Kampong Java,150,160,170,260,170,240,190,230,230,260,310,290,400,300,360,290,400,380,440,410,380,380,360,360,340,400,350,320,380,290,190,160,190,120,100,50,80,30,10120
Kampong Tiong Bahru,90,110,120,110,160,150,150,200,210,200,240,270,220,260,230,230,280,220,320,310,280,350,350,380,350,380,400,400,390,340,240,170,210,160,90,80,70,30,8750
Kampong Ubi,180,210,190,210,210,230,250,270,320,350,490,470,490,550,390,360,380,400,380,360,360,320,490,430,560,530,420,460,300,290,120,130,90,70,40,20,30,10,11360
Kangkar,840,900,920,860,780,770,780,770,830,890,990,990,1420,1230,1440,1370,1300,1150,1280,1250,1120,1070,1120,1140,1080,1090,990,950,710,640,440,320,340,250,190,120,100,50,32480
Katong,190,210,270,250,240,230,240,220,220,250,290,250,300,200,350,290,450,370,450,430,340,350,310,310,290,300,250,230,220,190,130,110,140,90,80,40,60,20,9160
Keat Hong,1680,1720,1400,1470,980,1040,980,1060,1120,1170,1580,1390,2460,2120,1800,1830,1430,1380,1190,1200,1190,1170,1140,1220,820,980,580,620,370,390,200,170,160,110,110,40,40,10,38320
Kebun Bahru,330,310,490,330,450,420,510,450,550,580,690,650,690,630,720,600,830,740,900,800,860,800,840,920,880,850,880,740,830,700,470,390,380,280,200,160,130,60,22040
Kembangan,650,670,670,700,720,740,800,840,930,1010,1190,1230,1330,1400,1260,1140,1150,1060,1210,1220,1250,1190,1420,1360,1530,1620,1410,1380,1160,1110,670,580,530,380,330,220,250,120,36430
Kent Ridge,0,0,0,0,0,0,0,0,0,0,0,0,0,0,0,0,0,0,0,0,0,0,0,0,0,0,0,0,0,0,0,0,0,0,0,0,0,0,0
Khatib,130,180,150,170,180,210,210,210,270,290,430,400,420,410,310,290,300,260,320,290,350,300,530,400,520,520,420,400,280,270,140,110,90,60,50,40,40,10,9960
Kian Teck,0,0,0,0,0,0,0,0,0,0,0,0,0,0,0,0,0,0,0,0,0,0,0,0,0,0,0,0,0,0,0,0,0,0,0,0,0,0,0
Kim Keat,80,90,100,120,130,150,120,140,180,210,280,300,280,260,190,190,260,220,280,240,250,280,310,310,390,380,290,280,280,240,190,140,170,100,80,30,50,10,7600
Kovan,450,440,590,560,610,630,670,700,740,800,880,910,870,810,820,680,880,740,1010,910,910,800,960,940,980,880,790,780,590,590,330,280,290,200,170,90,130,50,24460
Kranji,0,0,0,0,0,0,0,0,0,0,0,0,0,0,0,0,0,0,0,0,0,0,0,0,0,0,0,0,0,0,0,0,0,0,0,0,0,0,0
Lakeside,10,10,10,10,10,10,10,10,10,10,20,30,20,10,20,20,20,20,30,40,30,30,20,30,40,50,40,70,50,60,40,20,30,40,20,10,10,0,920
Lavender,150,190,160,200,230,190,190,210,180,240,310,260,350,360,350,300,360,360,370,450,320,380,330,380,300,440,280,370,270,320,130,130,110,130,80,60,60,40,9540
Leedon Park,150,140,160,150,200,160,210,160,200,170,180,150,200,140,240,150,250,210,270,260,280,260,220,230,210,150,170,160,170,160,100,90,70,50,40,20,30,20,6180
Leonie Hill,70,60,90,90,80,90,120,60,70,50,90,60,120,120,150,110,200,130,190,160,150,180,100,100,70,90,50,70,50,40,30,20,30,10,10,10,10,10,3140
Lim Chu Kang,0,0,0,0,0,0,0,0,10,0,0,10,0,0,0,0,0,0,0,10,0,0,10,10,10,0,0,10,10,0,0,0,0,0,0,0,0,0,80
Little India,40,30,30,30,50,40,60,70,70,110,100,100,100,100,70,100,120,110,110,120,110,110,120,120,130,160,120,130,130,130,70,50,60,50,30,30,10,40,3160
Liu Fang,0,0,0,0,0,0,0,0,0,0,0,0,0,0,0,0,0,0,0,0,0,0,0,0,0,0,0,0,0,0,0,0,0,0,0,0,0,0,0
Lorong 8 Toa Payoh,50,80,80,100,120,120,150,130,200,200,240,220,200,180,180,160,190,190,270,210,270,250,290,300,320,300,260,240,270,240,170,140,180,130,80,70,60,10,6850
Lorong Ah Soo,480,480,630,510,710,590,810,730,970,920,1130,1070,1110,1090,1040,970,1160,990,1200,1150,1230,1130,1240,1240,1390,1250,1230,1110,1030,860,550,460,470,310,250,150,160,50,31850
Lorong Chuan,170,150,180,250,230,230,240,280,290,290,300,300,260,250,260,220,290,240,360,280,360,290,340,340,320,330,230,260,170,170,110,70,100,90,70,40,60,20,8440
Lorong Halus,0,0,0,0,0,0,0,0,0,0,0,0,0,0,0,0,0,0,0,0,0,0,0,0,0,0,0,0,0,0,0,0,0,0,0,0,0,0,0
Lorong Halus North,0,0,0,0,0,0,0,0,0,0,0,0,0,0,0,0,0,0,0,0,0,0,0,0,0,0,0,0,0,0,0,0,0,0,0,0,0,0,0
Lower Seletar,1040,1150,880,920,550,610,470,490,370,420,550,410,1470,1110,1160,1190,830,800,610,710,450,510,350,390,280,300,190,170,190,120,80,60,80,40,20,10,20,0,19000
Loyang East,30,30,40,40,50,50,70,70,70,60,70,90,50,60,40,50,60,50,90,70,90,80,100,70,90,90,70,90,50,60,20,20,20,20,10,10,10,0,2040
Loyang West,0,0,0,0,0,0,0,0,0,0,0,0,0,0,0,0,0,0,0,0,0,0,0,10,0,10,10,10,10,20,10,10,30,20,30,20,20,10,220
Mackenzie,0,0,0,0,0,0,0,0,0,0,0,0,0,0,0,10,10,0,0,0,0,0,0,0,0,0,0,0,0,0,0,0,0,0,0,0,0,0,20
Macpherson,560,540,480,480,450,540,570,600,710,770,930,940,1140,1090,890,890,800,810,880,910,1000,1010,1090,1220,1120,1260,910,960,770,680,510,330,500,320,330,140,160,90,27380
Malcolm,70,80,110,120,100,100,70,80,70,90,50,60,70,50,100,70,130,80,140,90,90,120,100,90,80,80,70,70,70,60,40,40,40,20,30,20,30,10,2790
Mandai East,0,0,0,0,0,0,0,0,0,0,0,0,0,0,0,0,0,0,0,0,0,0,0,0,0,0,0,0,0,0,0,0,0,0,0,0,0,0,0
Mandai Estate,40,20,50,40,60,60,50,60,100,80,90,70,70,60,70,70,70,50,100,90,90,70,70,80,80,70,40,50,50,40,20,20,20,10,10,10,10,0,2040
Mandai West,0,0,0,0,0,0,0,0,0,0,0,0,0,0,0,0,0,0,0,0,0,0,0,0,0,0,0,0,0,0,0,0,0,0,0,0,0,0,0
Margaret Drive,490,500,590,630,430,450,300,350,310,300,600,500,840,710,1030,860,850,860,660,650,520,480,480,460,450,390,470,350,460,350,220,190,210,180,180,70,110,40,17520
Marina Centre,0,0,0,0,0,0,0,0,0,0,0,0,0,0,0,0,0,0,0,0,0,0,0,0,0,0,0,0,0,0,0,0,0,0,0,0,0,0,0
Marina East,0,0,0,0,0,0,0,0,0,0,0,0,0,0,0,0,0,0,0,0,0,0,0,0,0,0,0,0,0,0,0,0,0,0,0,0,0,0,0
Marina East (Mp),0,0,0,0,0,0,0,0,0,0,0,0,0,0,0,0,0,0,0,0,0,0,0,0,0,0,0,0,0,0,0,0,0,0,0,0,0,0,0
Marina South,0,0,0,0,0,0,0,0,0,0,0,0,0,0,0,0,0,0,0,0,0,0,0,0,0,0,0,0,0,0,0,0,0,0,0,0,0,0,0
Marine Parade,560,490,710,690,660,710,640,630,620,650,640,650,700,620,940,740,1110,920,1230,1030,1010,940,910,880,850,820,850,680,860,640,580,400,590,380,340,190,210,120,26190
Maritime Square,100,110,130,130,120,100,90,70,70,50,70,70,100,100,240,140,240,200,200,230,160,170,120,140,80,110,50,70,60,70,20,50,40,30,30,20,30,10,3820
Marymount,430,480,540,760,630,860,750,890,850,1000,1220,1320,960,1000,900,720,970,850,1100,980,1120,970,1350,1060,1180,1160,910,900,710,650,340,320,290,200,160,80,100,50,28760
Matilda,2350,2460,2350,2600,1590,1730,1130,1170,990,1030,1460,1060,2890,2180,3660,3240,2650,2840,1940,2160,1250,1380,1050,1180,940,830,850,730,690,520,310,240,200,180,90,80,70,20,52090
Maxwell,0,0,0,0,0,0,0,0,0,0,0,0,0,0,0,0,0,0,0,0,0,0,0,0,0,0,0,0,0,0,0,0,0,0,0,0,0,0,0
Mei Chin,190,230,260,270,330,340,360,380,450,440,520,540,500,460,460,400,510,400,560,530,630,540,670,630,580,600,530,540,450,390,300,200,310,190,190,110,120,70,15180
Midview,680,820,820,850,850,920,1070,1100,1580,1750,1560,1710,1260,1240,1140,1060,1030,1030,1210,1020,1660,1380,1430,1610,1010,1110,740,810,460,430,250,200,220,160,110,70,70,30,34450
Monk's Hill,20,20,20,50,20,30,20,30,20,20,20,30,30,20,40,20,60,40,70,40,30,40,30,40,30,20,10,10,20,20,10,10,10,10,0,0,10,0,920
Moulmein,240,300,300,720,280,410,190,230,150,210,210,150,300,220,500,330,610,490,490,490,320,360,230,250,180,180,180,170,160,120,90,60,60,60,50,40,20,20,9370
Mount Emily,60,50,70,40,50,30,40,20,40,20,50,40,120,80,130,120,110,110,90,90,50,60,30,50,30,30,20,20,10,0,0,0,10,0,0,0,0,0,1670
Mount Pleasant,10,20,20,20,20,20,20,20,20,20,30,30,20,20,20,10,10,20,30,20,30,20,30,30,30,20,30,20,20,30,10,10,10,10,10,10,0,0,720
Mountbatten,230,200,260,270,270,250,270,280,270,260,260,280,290,270,350,260,400,350,450,380,370,350,340,360,310,270,260,260,260,240,140,120,90,70,70,40,60,30,9490
Murai,10,10,20,20,20,20,10,10,90,20,20,20,20,20,30,30,30,30,30,30,20,20,20,30,10,30,10,10,0,0,0,0,0,0,0,0,0,0,640
Nassim,270,260,450,360,340,330,280,220,240,180,230,160,260,200,410,280,510,360,460,440,360,380,310,310,240,240,210,200,210,190,100,90,70,70,50,30,40,30,9370
National University Of S'pore,0,10,0,10,0,0,0,0,100,10,10,10,10,10,10,0,10,10,10,10,0,10,10,10,0,0,0,0,0,0,0,0,0,0,0,0,0,0,250
Nature Reserve,70,60,80,100,120,100,140,140,130,130,150,110,100,100,120,80,130,110,190,150,160,170,160,150,140,140,110,100,70,90,30,30,30,20,20,10,10,0,3750
Nee Soon,10,10,20,20,30,20,30,20,10,20,20,30,30,20,20,10,20,20,50,50,40,40,40,40,40,40,10,20,10,10,10,10,10,0,10,10,0,0,800
Newton Circus,0,10,10,10,10,10,0,20,0,0,10,0,0,10,0,20,20,10,10,20,10,10,10,10,10,0,0,0,10,0,0,0,0,0,0,0,0,0,230
Nicoll,10,0,0,0,0,10,0,0,0,10,0,10,10,10,10,0,20,10,0,20,10,10,10,10,10,10,0,0,10,0,0,0,0,0,0,0,0,0,190
North Coast,150,170,150,170,200,220,250,330,420,480,450,520,330,360,280,280,330,310,390,370,460,480,560,580,440,570,410,390,350,320,190,160,130,110,70,60,30,20,11490
North-Eastern Islands,0,0,0,0,0,0,0,0,0,0,0,0,0,0,0,0,0,0,0,0,0,0,0,0,0,0,0,0,0,0,0,0,0,0,0,0,0,0,0
Northland,460,460,540,500,590,680,670,760,870,950,1050,1170,950,1090,880,840,920,910,930,880,1010,980,1300,1210,1280,1240,910,920,630,630,320,230,250,170,140,50,60,30,27460
Northshore,220,260,110,110,90,90,90,80,60,60,210,130,350,350,130,150,200,170,150,180,110,150,100,130,90,90,90,90,70,60,20,20,20,10,10,0,0,0,4250
One North,20,20,40,20,20,20,20,10,10,10,20,0,30,20,60,50,50,50,50,60,40,40,20,30,20,10,0,0,0,0,0,0,0,0,0,0,0,0,740
One Tree Hill,30,30,50,40,60,40,70,40,60,40,50,50,50,30,60,50,80,60,100,70,100,90,80,80,70,70,40,50,50,50,40,30,30,20,10,10,10,10,1900
Orange Grove,30,20,40,40,60,40,60,40,40,30,40,40,40,30,60,30,70,60,70,80,90,110,70,60,60,50,60,60,40,40,20,30,10,20,10,10,0,10,1670
Oxley,30,40,40,20,40,30,40,30,30,30,60,40,60,40,70,60,50,80,70,60,50,60,60,60,40,40,40,30,40,30,30,20,30,20,10,0,20,0,1500
Pandan,0,0,0,0,0,0,0,0,0,0,0,0,0,0,0,0,0,0,0,0,0,0,0,0,0,0,0,0,0,0,0,0,0,0,0,0,0,0,0
Pang Sua,0,0,0,0,0,0,0,0,0,0,0,0,0,0,0,0,0,0,0,0,0,0,0,0,0,0,0,0,0,0,0,0,0,0,0,0,0,0,0
Park,0,0,0,0,0,0,0,0,0,0,0,0,0,0,0,0,0,0,0,0,0,0,0,0,0,0,0,0,0,0,0,0,0,0,0,0,0,0,0
Pasir Panjang 1,90,80,100,100,140,110,120,130,150,120,150,160,170,150,190,130,210,200,200,220,200,170,160,140,140,130,110,120,100,80,40,40,40,20,30,20,10,0,4470
Pasir Panjang 2,30,40,70,60,70,50,60,70,100,100,100,100,70,90,100,80,100,70,100,100,120,110,130,120,120,110,120,140,80,80,30,30,30,20,10,10,10,0,2830
Pasir Ris Central,750,770,820,900,810,820,800,940,1080,1180,1360,1380,1290,1100,1300,1190,1210,1100,1150,1090,1340,1080,1440,1380,1110,1110,720,730,470,450,240,210,200,130,130,60,60,20,31920
Pasir Ris Drive,870,880,900,990,1160,1250,1460,1570,2170,2390,2790,3020,1730,1880,1280,1250,1400,1270,1690,1470,2360,1860,2880,2730,2140,2320,1500,1570,1060,990,500,420,430,240,240,120,130,50,52960
Pasir Ris Park,230,230,280,300,280,280,240,240,210,250,170,200,310,180,390,340,480,440,410,420,310,310,240,270,130,160,70,100,80,70,30,20,20,20,10,10,10,0,7740
Pasir Ris Wafer Fab Park,0,0,0,0,0,0,0,0,0,0,0,0,0,0,0,0,0,0,0,0,0,0,0,0,0,0,0,0,0,0,0,0,0,0,0,0,0,0,0
Pasir Ris West,580,650,680,810,880,920,1100,1190,1540,1650,1610,1830,1020,1010,1000,870,1160,990,1410,1220,1820,1450,1700,1830,1100,1320,720,790,510,480,260,210,230,140,120,70,90,30,34990
Paterson,10,10,10,10,10,10,0,10,10,0,0,0,10,0,10,10,10,10,10,20,10,10,10,10,0,10,0,0,0,0,0,0,0,0,0,0,0,0,210
Paya Lebar East,0,0,0,0,0,0,0,0,0,0,0,0,0,0,0,0,0,0,0,0,0,0,0,0,0,0,0,0,0,0,0,0,0,0,0,0,0,0,0
Paya Lebar North,0,0,0,0,0,0,0,0,0,0,0,0,0,0,0,0,0,0,0,0,0,0,0,0,0,0,0,0,0,0,0,0,0,0,0,0,0,0,0
Paya Lebar West,0,0,0,0,0,0,0,0,0,0,0,0,0,0,0,0,0,0,0,0,0,0,0,0,0,0,0,0,0,0,0,0,0,0,0,0,0,0,0
Pearl's Hill,80,70,80,70,80,70,80,90,110,130,90,120,130,140,100,130,130,110,150,190,180,230,230,310,210,430,230,360,240,310,150,170,170,150,100,60,100,60,5840
Pei Chun,110,130,180,180,200,200,250,230,260,320,270,310,280,270,270,250,360,280,430,370,450,420,420,430,410,430,340,340,360,250,250,180,210,180,130,70,60,30,10110
Peng Siang,720,790,850,820,790,920,920,970,1190,1270,1490,1540,1330,1340,1260,1280,1180,1100,1180,1140,1290,1200,1460,1420,1150,1260,930,940,640,610,260,240,180,140,140,70,70,20,34100
Penjuru Crescent,0,0,0,0,0,0,0,0,0,0,0,0,0,0,0,0,0,0,0,0,0,0,0,0,0,0,0,0,0,0,0,0,0,0,0,0,0,0,0
People's Park,0,0,0,0,0,0,0,0,10,0,20,10,10,30,10,20,10,10,10,10,10,10,10,0,10,10,10,10,10,10,10,0,0,0,0,0,0,0,250
Phillip,0,0,0,0,0,0,0,0,0,0,0,0,0,0,0,0,0,0,0,0,0,0,0,0,0,0,0,0,0,0,0,0,0,0,0,0,0,0,0
Pioneer Sector,0,0,0,0,0,0,0,0,0,0,0,0,0,0,0,0,0,0,0,0,0,0,0,0,0,0,0,0,0,0,0,0,0,0,0,0,0,0,0
Plab,0,0,0,0,0,0,0,0,0,0,0,0,0,0,0,0,0,0,0,0,0,0,0,0,0,0,0,0,0,0,0,0,0,0,0,0,0,0,0
Plantation,0,0,0,0,0,0,0,0,0,0,0,0,0,0,0,0,0,0,0,0,0,0,0,0,0,0,0,0,0,0,0,0,0,0,0,0,0,0,0
Port,0,0,0,0,0,0,0,0,0,0,0,10,10,0,0,0,0,0,0,0,0,0,10,0,10,10,0,0,10,0,0,0,0,0,0,0,0,0,60
Potong Pasir,170,170,190,280,180,270,220,270,240,280,380,360,430,410,430,370,460,400,440,440,400,390,410,400,520,410,530,450,470,360,210,190,170,130,90,70,60,0,11650
Pulau Punggol Barat,0,0,0,0,0,0,0,0,0,0,0,0,0,0,0,0,0,0,0,0,0,0,0,0,0,0,0,0,0,0,0,0,0,0,0,0,0,0,0
Pulau Punggol Timor,0,0,0,0,0,0,0,0,0,0,0,0,0,0,0,0,0,0,0,0,0,0,0,0,0,0,0,0,0,0,0,0,0,0,0,0,0,0,0
Pulau Seletar,0,0,0,0,0,0,0,0,0,0,0,0,0,0,0,0,0,0,0,0,0,0,0,0,0,0,0,0,0,0,0,0,0,0,0,0,0,0,0
Punggol Canal,0,0,0,0,0,0,0,0,0,0,0,0,0,0,0,0,0,0,0,0,0,0,0,0,0,0,0,0,0,0,0,0,0,0,0,0,0,0,0
Punggol Field,1100,1080,1560,1680,1790,1960,1690,1710,1350,1470,1280,1190,1430,1280,1960,1580,2570,2220,2500,2610,1690,1820,1460,1460,1290,1300,1000,970,800,740,400,300,300,220,150,100,100,40,48150
Punggol Town Centre,1220,1250,1050,1190,640,670,450,430,340,370,580,390,1540,1110,1760,1640,1130,1200,710,810,510,540,400,450,350,290,320,250,220,200,100,90,70,40,50,30,10,0,22400
Queensway,0,0,0,0,10,0,0,0,10,10,10,10,10,0,0,0,20,10,10,10,10,10,0,10,10,0,10,10,10,0,0,0,0,0,0,0,0,0,180
Raffles Place,0,0,0,0,0,0,0,0,0,0,0,0,0,0,0,0,0,0,0,0,0,0,0,0,0,0,0,0,0,0,0,0,0,0,0,0,0,0,0
Redhill,220,230,320,330,360,330,260,250,250,230,360,310,360,340,430,340,590,460,470,520,400,410,350,390,280,380,250,280,240,210,170,120,150,90,90,40,90,30,10930
Reservoir View,0,0,0,0,0,0,0,0,0,0,0,0,0,0,0,0,0,0,0,0,0,0,0,0,0,0,0,0,0,0,0,0,0,0,0,0,0,0,0
Ridout,40,50,60,40,40,40,40,30,40,30,40,30,50,30,50,40,50,50,60,40,70,40,40,40,40,40,40,40,40,40,10,20,30,10,20,10,10,10,1400
Rivervale,1120,1180,1440,1500,1710,1740,1780,1900,2020,2120,1960,2130,2050,1890,2160,1930,2230,2030,2530,2370,2240,2260,2320,2220,2140,2190,1570,1650,1100,1070,490,430,370,260,210,100,140,30,58580
Robertson Quay,120,100,130,150,110,80,70,60,50,40,70,50,140,80,210,140,220,210,180,180,130,130,80,100,60,60,50,30,40,40,20,10,10,10,0,0,0,0,3160
Rochor Canal,0,0,0,0,0,0,0,0,0,0,0,0,0,0,0,0,0,0,0,0,0,0,0,0,0,0,0,0,0,0,0,0,0,0,0,0,0,0,0
Safti,0,0,0,0,0,0,0,0,0,0,0,0,0,0,0,0,0,0,0,0,0,0,0,0,0,0,0,0,0,0,0,0,0,0,0,0,0,0,0
Samulun,0,0,0,0,0,0,0,0,0,0,0,0,0,0,0,0,0,0,0,0,0,0,0,0,0,0,0,0,0,0,0,0,0,0,0,0,0,0,0
Saujana,670,680,790,830,720,740,730,750,810,830,880,960,1110,910,1180,1100,910,910,900,840,880,820,910,890,910,910,640,680,380,420,150,130,150,80,90,40,50,20,25400
Selegie,0,0,10,0,0,0,10,0,0,0,10,10,10,10,10,10,20,10,10,10,0,10,0,10,0,10,0,10,0,0,0,10,0,0,0,0,0,0,180
Seletar,10,0,10,10,10,10,10,10,10,10,10,0,0,0,10,0,20,0,20,20,20,20,10,10,10,0,10,10,0,0,0,0,0,0,0,0,0,0,260
Seletar Aerospace Park,0,0,0,0,0,0,0,0,0,0,0,0,0,0,0,0,0,0,0,0,0,0,0,0,0,0,0,0,0,0,0,0,0,0,0,0,0,0,0
Seletar Hills,230,260,290,360,370,420,430,420,500,570,530,560,470,460,370,310,490,390,570,490,550,480,660,570,570,550,480,490,390,400,210,210,170,160,110,60,70,30,14650
Semakau,0,0,0,0,0,0,0,0,0,0,0,0,0,0,0,0,0,0,0,0,0,0,0,0,0,0,0,0,0,0,0,0,0,0,0,0,0,0,0
Sembawang Central,890,960,950,1010,1040,980,1060,1070,1140,1150,1300,1190,1430,1450,1370,1280,1460,1330,1600,1380,1290,1340,1220,1280,1090,1100,690,760,450,430,270,170,210,140,120,60,60,30,34750
Sembawang East,1290,1290,510,580,430,410,430,450,430,420,1190,770,1710,1680,820,950,730,750,680,660,550,520,450,530,300,330,240,220,170,170,100,70,70,40,30,10,20,0,20000
Sembawang Hills,100,110,180,130,220,160,220,190,250,220,250,220,170,170,160,110,190,150,290,230,260,260,290,230,240,250,190,180,190,180,120,100,90,80,70,40,50,20,6560
Sembawang North,500,530,710,750,790,890,780,940,840,860,760,850,790,750,1050,920,1150,990,1190,1130,930,1010,870,920,820,880,570,580,360,370,200,150,140,110,80,30,50,20,25260
Sembawang Springs,330,320,280,270,290,340,310,280,240,260,260,230,520,470,450,440,430,430,450,400,340,340,250,290,140,180,140,140,120,110,90,80,60,40,40,30,40,10,9440
Sembawang Straits,50,50,60,50,60,80,60,70,70,80,80,70,70,70,50,70,90,60,90,90,80,90,90,90,60,70,40,40,40,30,20,20,10,10,10,10,0,0,2080
Sengkang Town Centre,1650,1780,1750,1850,1700,1750,1600,1690,1830,2070,2030,1920,2770,2400,2850,2520,2520,2390,2430,2190,2200,2130,2110,2140,2010,1960,1400,1450,930,930,510,380,370,270,230,90,160,40,61000
Sengkang West,0,0,0,0,0,0,0,0,0,0,0,0,0,0,0,0,0,0,0,0,0,0,0,0,0,0,0,0,0,0,0,0,0,0,0,0,0,0,0
Senja,470,530,590,640,610,580,610,600,570,630,590,590,780,670,940,830,790,730,870,860,640,650,650,630,570,650,490,500,360,360,170,140,160,100,80,40,80,0,19750
Sennett,360,420,250,290,210,230,230,200,170,180,460,300,810,800,470,470,340,360,340,340,250,250,230,230,330,280,280,230,220,220,130,110,100,70,50,30,60,30,10330
Senoko North,0,0,0,0,0,0,0,0,0,0,0,0,0,0,0,0,0,0,0,0,0,0,0,0,0,0,0,0,0,0,0,0,0,0,0,0,0,0,0
Senoko South,0,0,0,0,0,0,0,0,0,0,0,0,0,0,0,0,0,0,0,0,0,0,0,0,0,0,0,0,0,0,0,0,0,0,0,0,0,0,0
Senoko West,0,0,0,0,0,0,0,0,0,0,0,0,0,0,0,0,0,0,0,0,0,0,0,0,0,0,0,0,0,0,0,0,0,0,0,0,0,0,0
Sentosa,70,60,90,70,70,40,70,40,50,30,40,30,50,40,120,60,110,90,110,120,100,110,70,100,40,70,30,40,20,20,10,10,10,10,0,0,0,0,2000
Serangoon Central,330,360,420,410,380,420,500,580,610,720,950,880,1010,1020,770,800,770,630,860,720,870,790,980,770,1240,990,1070,1000,810,710,420,320,360,230,180,120,110,50,24160
Serangoon Garden,460,510,620,590,740,740,800,890,960,1110,1290,1260,1130,1160,990,880,1070,960,1260,1090,1260,1100,1420,1270,1630,1400,1510,1440,1250,1050,660,580,610,390,380,230,290,100,35080
Serangoon North,230,230,300,330,350,360,430,410,540,680,670,760,520,520,500,420,470,460,510,470,660,520,730,680,670,660,530,540,340,350,180,130,120,80,70,30,30,20,15500
Serangoon North Ind Estate,0,0,0,0,0,0,0,0,0,0,0,0,0,0,0,0,0,0,0,0,0,0,0,0,0,0,0,0,0,0,0,0,0,0,0,0,0,0,0
Shangri-La,320,340,340,350,310,350,330,370,430,450,530,520,590,580,530,520,540,520,610,560,590,570,650,710,660,700,660,600,600,460,390,240,320,210,170,110,100,50,16880
Shipyard,0,0,0,0,0,0,0,0,0,0,0,0,0,0,0,0,0,0,0,0,0,0,0,0,0,0,0,0,0,0,0,0,0,0,0,0,0,0,0
Siglap,90,80,110,150,140,150,190,140,180,150,190,160,210,190,200,140,250,210,290,230,230,230,230,210,250,210,220,190,270,210,170,140,130,120,80,70,50,30,6490
Simei,640,690,840,870,910,980,990,950,1210,1280,1460,1510,1370,1290,1360,1080,1480,1340,1470,1390,1520,1240,1710,1420,1620,1580,1290,1240,890,930,400,340,350,250,200,100,170,60,38420
Simpang North,0,0,0,0,0,0,0,0,0,0,0,0,0,0,0,0,0,0,0,0,0,0,0,0,0,0,0,0,0,0,0,0,0,0,0,0,0,0,0
Simpang South,0,0,0,0,0,0,0,0,0,0,0,0,0,0,0,0,0,0,0,0,0,0,0,0,0,0,0,0,0,0,0,0,0,0,0,0,0,0,0
Singapore General Hospital,0,0,0,0,0,0,0,0,0,0,0,0,0,0,0,0,0,0,0,0,0,0,0,0,0,0,0,0,0,0,0,0,0,0,0,0,0,0,0
Singapore Polytechnic,0,0,0,0,0,0,0,0,0,0,0,0,0,0,0,0,0,0,0,0,0,0,0,0,0,0,0,0,0,0,0,0,0,0,0,0,0,0,0
Somerset,0,0,0,0,0,0,0,0,0,0,0,0,0,0,0,0,0,0,0,0,0,0,0,0,0,0,0,0,0,0,0,0,0,0,0,0,0,0,0
Southern Group,0,0,0,0,0,0,0,0,0,0,0,0,0,0,0,0,0,0,0,0,0,0,0,0,0,0,0,0,0,0,0,0,0,0,0,0,0,0,0
Springleaf,70,50,90,80,110,120,130,160,140,170,190,180,130,150,90,80,120,110,150,120,160,130,200,150,170,190,140,140,130,140,60,70,40,40,20,10,10,10,4250
Straits View,0,0,0,0,0,0,0,0,0,0,0,0,0,0,0,0,0,0,0,0,0,0,0,0,0,0,0,0,0,0,0,0,0,0,0,0,0,0,0
Sudong,0,0,0,0,0,0,0,0,0,0,0,0,0,0,0,0,0,0,0,0,0,0,0,0,0,0,0,0,0,0,0,0,0,0,0,0,0,0,0
Sungei Road,40,30,50,40,40,30,60,60,50,60,60,50,70,70,60,60,50,50,50,80,70,60,80,90,60,90,60,60,80,60,50,50,40,40,30,20,20,0,2020
Sunset Way,70,90,110,100,120,120,130,130,140,170,160,150,140,150,170,140,160,160,210,170,230,190,240,200,200,180,250,190,190,210,110,100,80,60,40,40,20,10,5330
Swiss Club,110,120,210,140,190,140,170,150,130,130,160,120,150,130,200,130,210,200,220,190,200,190,180,160,150,130,150,150,90,100,70,60,60,50,50,30,30,30,5080
Tagore,90,100,180,130,180,190,230,230,300,240,290,320,230,250,160,170,230,170,320,220,310,270,340,280,360,330,270,280,200,220,110,100,100,100,70,70,70,20,7730
Tai Seng,230,220,280,280,330,330,350,330,440,480,480,500,430,410,400,330,430,390,480,400,530,430,530,560,560,560,470,530,380,370,230,190,210,150,110,90,90,30,13540
Taman Jurong,940,980,1050,1070,1060,1110,1090,1150,1260,1380,1430,1370,1480,1350,1550,1390,1550,1460,1450,1450,1550,1580,1330,1530,1180,1290,970,1050,710,720,370,290,270,170,140,100,80,40,38940
Tampines East,2580,2590,2530,2790,2700,2910,3050,3130,4120,4370,5240,5590,4630,4810,4360,4130,4040,3890,4090,3740,4880,4020,5670,5180,5810,5360,4530,4540,3100,2880,1450,1200,1200,770,700,370,450,160,127560
Tampines North,820,890,360,400,150,190,140,140,140,130,680,350,1190,1220,490,620,280,320,180,180,170,180,160,130,170,150,180,150,130,120,50,50,50,50,40,20,50,10,10730
Tampines West,1910,1890,1930,2080,1770,1970,1910,2080,2430,2620,3100,3190,3400,3320,3040,2830,2830,2570,2670,2450,2810,2510,3300,2890,3330,3110,2610,2610,1700,1710,790,660,650,400,350,220,210,90,79940
Tanglin,10,10,10,10,20,10,20,10,10,10,10,0,10,10,20,10,20,20,30,20,10,20,10,10,10,10,10,10,10,10,0,0,0,0,0,0,0,0,380
Tanglin Halt,190,180,160,180,140,190,170,190,170,180,240,250,360,330,320,300,390,330,390,360,350,340,330,340,340,310,340,270,400,260,250,180,260,160,170,90,100,60,9570
Tanjong Irau,0,0,0,0,0,0,0,0,0,0,0,0,0,0,0,0,0,0,0,0,0,0,0,0,0,0,0,0,0,0,0,0,0,0,0,0,0,0,0
Tanjong Pagar,10,10,0,0,0,0,10,0,0,0,30,20,70,50,60,50,40,40,30,40,20,20,20,10,0,20,0,0,10,0,0,0,0,0,0,0,0,30,590
Tanjong Rhu,180,210,270,270,330,280,370,310,330,270,270,230,310,260,410,320,530,440,620,560,480,490,410,410,320,330,300,270,250,210,130,130,100,70,60,40,50,10,10830
Teban Gardens,320,350,390,390,410,420,410,470,500,530,540,560,600,590,600,630,690,590,630,680,600,610,620,660,680,630,700,610,650,600,280,280,190,160,100,70,60,20,17820
Teck Whye,380,390,370,380,470,500,600,620,860,980,1080,1160,780,910,650,640,640,600,820,710,880,900,1230,1170,1060,1040,810,850,580,570,320,290,260,180,110,100,100,30,24020
Telok Blangah Drive,570,630,450,470,370,340,370,340,340,390,470,460,1090,840,810,880,790,750,700,630,610,570,580,590,610,570,620,490,670,510,370,240,330,210,180,100,90,40,19070
Telok Blangah Rise,180,170,170,220,200,190,240,230,280,280,400,320,330,320,310,300,430,400,450,420,400,420,430,410,520,410,580,480,600,440,310,250,240,190,110,90,70,50,11840
Telok Blangah Way,100,110,150,150,190,180,150,180,170,190,230,220,230,250,240,220,340,310,340,350,310,360,330,380,350,440,340,360,350,310,230,190,200,140,110,70,70,60,8900
Tengah,0,0,0,0,0,0,0,0,0,0,0,0,0,0,0,0,0,0,0,0,0,0,0,0,0,0,0,0,0,0,0,0,0,0,0,0,0,0,0
The Wharves,0,0,0,0,0,0,0,0,0,0,0,0,0,0,0,0,0,0,0,0,0,0,0,0,0,0,0,0,0,0,0,0,0,0,0,0,0,0,0
Tiong Bahru,300,310,310,330,280,270,180,220,220,210,380,330,620,450,540,510,640,530,480,530,400,360,380,340,400,350,440,340,430,310,250,180,240,140,100,50,100,40,12490
Tiong Bahru Station,260,300,320,340,380,390,350,340,350,320,540,490,530,480,560,430,610,530,610,590,590,510,550,500,480,540,410,380,460,300,270,180,290,200,160,90,90,40,14760
Toa Payoh Central,480,490,710,650,670,690,630,640,690,690,940,850,930,810,1000,790,1180,1030,1240,1010,1070,960,1070,920,980,940,790,700,780,590,500,360,510,310,300,150,180,100,27330
Toa Payoh West,300,280,250,240,250,250,230,280,270,310,450,420,560,530,510,460,480,440,540,460,520,460,530,500,570,480,540,390,540,390,350,230,370,210,190,100,100,40,14020
Toh Guan,200,220,190,250,300,320,370,390,470,520,580,630,540,560,440,440,440,390,550,430,540,500,640,570,700,660,530,550,290,330,130,120,110,80,60,40,30,20,14130
Toh Tuck,0,0,0,0,0,0,0,0,0,0,0,0,0,0,0,0,0,0,0,0,0,0,0,0,0,0,0,0,0,0,0,0,0,0,0,0,0,0,0
Townsville,320,300,380,410,390,460,380,410,430,440,650,630,670,670,700,610,820,710,780,740,680,610,780,690,810,800,840,650,820,650,510,350,440,310,240,150,150,50,20430
Trafalgar,1100,1240,1050,1130,1140,1190,1240,1280,1490,1680,1950,1890,1940,1980,1640,1610,1640,1480,1810,1770,1910,1870,1970,2170,1850,2190,1360,1650,990,1000,490,450,380,260,200,110,150,40,49290
Tuas Bay,0,0,0,0,0,0,0,0,0,0,0,0,0,0,0,0,0,0,0,0,0,0,0,0,0,0,0,0,0,0,0,0,0,0,0,0,0,0,0
Tuas North,0,0,0,0,0,0,0,0,0,0,0,0,0,0,0,0,0,0,0,0,0,0,0,0,0,0,0,0,0,0,0,0,0,0,0,0,0,0,0
Tuas Promenade,0,0,0,0,0,0,0,0,0,0,0,0,0,0,0,0,0,0,0,0,0,0,0,0,0,0,0,0,0,0,0,0,0,0,0,0,0,0,0
Tuas View,0,0,0,0,0,0,0,0,0,0,0,0,0,0,0,0,0,0,0,0,0,0,0,0,0,0,0,0,0,0,0,0,0,0,0,0,0,0,0
Tuas View Extension,0,0,0,0,0,0,0,0,0,0,0,0,0,0,0,0,0,0,0,0,0,0,0,0,0,0,0,0,0,0,0,0,0,0,0,0,0,0,0
Tukang,0,0,0,0,0,0,0,0,0,0,0,0,0,0,0,0,0,0,0,0,0,0,0,0,0,0,0,0,0,0,0,0,0,0,0,0,0,0,0
Turf Club,10,10,10,10,20,20,20,10,30,30,30,20,20,20,20,10,20,20,20,20,20,30,30,20,30,20,20,20,20,20,10,10,10,20,10,10,10,0,680
Tyersall,80,70,150,110,120,110,110,80,90,110,100,90,120,100,120,100,160,130,160,150,170,170,130,140,140,120,120,100,90,70,50,50,40,30,20,20,20,10,3750
Ulu Pandan,230,210,300,330,360,330,310,320,270,310,290,310,280,240,340,270,410,340,470,380,420,380,400,380,390,330,360,330,350,300,150,150,140,100,70,60,40,20,10670
Upper Paya Lebar,340,350,380,470,340,450,340,410,420,500,660,680,820,750,720,610,700,620,670,570,580,540,640,520,760,650,590,550,480,440,250,180,190,150,110,50,60,30,17570
Upper Thomson,490,460,610,650,690,710,740,730,780,910,890,940,900,830,820,700,1000,810,1120,1040,1080,1060,1140,1030,1190,1090,1030,970,860,790,530,400,440,340,310,190,200,100,28570
Victoria,0,30,0,20,10,20,20,20,20,30,50,40,60,60,50,50,70,50,60,50,50,30,60,60,90,80,80,60,90,70,50,40,50,30,30,0,10,10,1600
Waterway East,2320,2420,2410,2650,1610,1680,1070,1200,830,960,1060,920,2890,2050,3680,3300,2560,2720,1730,2090,1160,1260,970,1150,830,710,770,630,670,500,270,240,190,120,90,60,80,10,49860
Wenya,190,190,300,270,290,350,290,280,170,220,210,230,250,230,390,310,450,430,310,420,250,310,190,240,200,190,150,180,130,120,60,60,60,40,50,20,30,10,8070
West Coast,180,170,280,260,280,320,240,250,210,210,200,210,200,170,310,240,380,330,380,360,290,290,220,230,180,170,150,150,150,170,70,60,40,50,30,10,20,10,7470
Woodgrove,470,500,620,640,790,830,990,1060,1480,1620,1500,1720,1020,1160,970,900,1030,1000,1250,1120,1630,1360,1470,1590,1130,1190,770,850,520,500,280,190,220,130,130,70,90,30,32820
Woodlands East,2390,2410,2510,2680,2670,2880,3020,3310,3760,4100,3780,3860,3880,3690,3490,3290,3660,3450,4080,3860,4010,3930,3550,3930,2790,3160,1860,2020,1240,1160,540,480,470,300,240,150,130,60,96790
Woodlands Regional Centre,0,0,0,0,0,0,0,0,0,0,0,0,0,0,0,0,0,0,0,0,0,0,0,0,0,0,0,0,0,0,0,0,0,0,0,0,0,0,0
Woodlands South,970,1050,1160,1270,1330,1410,1330,1520,1490,1630,1310,1360,1400,1340,1690,1490,1800,1640,1710,1690,1550,1690,1320,1330,1040,1040,730,800,540,500,270,230,200,160,90,60,40,20,40200
Woodlands West,780,840,660,700,680,790,800,880,1220,1270,1430,1520,1220,1380,1060,1100,980,920,1060,1050,1270,1240,1390,1510,1270,1370,960,1110,730,720,370,330,310,260,170,120,60,40,33570
Woodleigh,60,50,50,70,80,90,90,80,70,80,80,70,90,70,110,80,110,80,130,110,110,110,80,70,80,70,50,70,40,40,10,10,10,0,10,10,10,0,2430
Xilin,10,40,30,30,20,40,50,60,60,70,80,90,60,80,30,50,40,40,40,60,70,40,110,100,80,100,50,70,20,20,10,10,10,0,10,0,0,0,1680
Yew Tee,670,640,860,900,1110,1160,1250,1370,1580,1700,1510,1610,1180,1250,1310,1080,1560,1380,1740,1550,1910,1700,1580,1750,1360,1480,900,1010,560,570,310,210,210,150,110,60,60,30,39370
Yio Chu Kang,0,0,0,0,0,0,0,0,0,0,0,0,0,0,0,0,0,0,0,0,0,0,0,0,0,0,0,0,0,0,0,0,0,0,0,0,0,0,0
Yio Chu Kang East,60,80,80,90,90,100,120,130,140,150,150,150,140,120,110,100,150,130,160,150,160,140,160,120,170,170,130,150,110,130,40,70,20,40,30,20,20,10,4090
Yio Chu Kang North,0,0,0,0,0,0,0,0,0,0,0,0,0,0,0,0,0,0,0,0,0,0,0,0,0,0,0,0,0,0,0,0,0,0,0,0,0,0,0
Yio Chu Kang West,360,380,430,490,620,530,630,660,720,720,780,750,710,670,710,630,900,760,980,850,960,870,940,890,930,910,1030,780,770,750,380,310,300,220,140,110,90,40,23700
Yishun Central,60,40,60,70,70,90,70,80,90,80,110,120,150,110,110,130,140,100,130,120,90,100,100,100,80,100,80,80,60,30,30,20,10,0,0,0,0,0,2810
Yishun East,1880,2040,2140,2280,1670,1770,1380,1470,1640,1680,2190,2090,2730,2460,3350,2880,2510,2700,2070,2130,1840,1850,2120,2110,1820,1860,1390,1370,1010,870,400,380,320,220,190,90,90,30,61020
Yishun South,910,990,870,940,860,900,960,1050,1150,1280,1680,1570,1940,1980,1440,1440,1410,1320,1550,1370,1450,1260,1820,1630,1720,1620,1370,1320,950,920,470,350,370,280,210,110,140,60,41660
Yishun West,800,850,940,1030,1100,1170,1280,1360,1570,1680,1800,1880,1780,1860,1810,1690,1850,1680,2010,1960,2010,2100,2340,2310,2300,2130,1880,1870,1300,1210,690,600,540,390,290,190,180,70,52500
Yuhua East,320,340,370,430,490,500,530,590,640,720,810,840,820,830,760,730,850,750,850,840,830,830,930,910,1100,960,970,1000,830,810,410,360,330,250,160,120,120,50,23980
Yuhua West,260,290,340,350,400,430,470,510,560,630,620,710,600,660,580,500,590,560,730,630,700,680,740,720,790,770,720,780,580,590,240,230,220,160,100,70,70,20,18600
Yunnan,1060,1070,1320,1410,1700,1750,1880,2130,2450,2680,2810,3220,2110,2270,2060,1860,2260,2250,2340,2530,2670,2500,2780,2970,2310,2500,1870,1960,1270,1340,560,550,400,320,190,130,150,50,65680
